id; time; WIN<qty=25>; WIN<result=R$>; IND<qty=5>; IND<result=R$>; WDO<qty=6>; WDO<result=R$>; DOL<qty=5>; DOL<result=R$>;
0; 2016-03-01 10:00:09.651 BRT; 0.000000; 0.000000; 0.000000; 0.000000; 0.000000; 0.000000; 0.000000; 0.000000;
1; 2016-03-01 10:01:13.798 BRT; 0.000114; 25.000000; -0.000052; -11.500000; -0.000149; -36.000000; -0.000161; -161.500000;
2; 2016-03-01 10:02:17.840 BRT; -0.000778; -171.000000; -0.000734; -161.500000; -0.000149; -36.000000; -0.000285; -286.500000;
3; 2016-03-01 10:03:21.955 BRT; -0.000332; -73.000000; -0.000394; -86.500000; 0.000099; 24.000000; 0.000088; 88.500000;
4; 2016-03-01 10:04:26.700 BRT; 0.000464; 102.000000; 0.000289; 63.500000; 0.000597; 144.000000; 0.000337; 338.500000;
5; 2016-03-01 10:05:30.880 BRT; -0.001323; -291.000000; -0.001416; -311.500000; -0.000646; -156.000000; -0.000657; -661.500000;
6; 2016-03-01 10:06:34.100 BRT; -0.000683; -150.000000; -0.000849; -186.500000; -0.000046; -11.000000; -0.000161; -161.500000;
7; 2016-03-01 10:07:38.110 BRT; 0.001825; 401.000000; 0.001654; 363.500000; -0.000273; -66.000000; -0.000161; -161.500000;
8; 2016-03-01 10:08:42.185 BRT; -0.000949; -209.000000; -0.001074; -236.500000; 0.000389; 94.000000; 0.000461; 463.500000;
9; 2016-03-01 10:09:46.221 BRT; -0.000159; -35.000000; -0.000166; -36.500000; 0.000596; 144.000000; 0.000585; 588.500000;
10; 2016-03-01 10:10:50.250 BRT; -0.000845; -186.000000; -0.001075; -236.500000; -0.000025; -6.000000; -0.000160; -161.500000;
11; 2016-03-01 10:11:54.263 BRT; -0.002705; -595.000000; -0.002893; -636.500000; 0.001113; 269.000000; 0.001081; 1088.500000;
12; 2016-03-01 10:12:58.288 BRT; -0.000533; -117.000000; -0.000736; -161.500000; 0.000843; 204.000000; 0.000707; 713.500000;
13; 2016-03-01 10:14:02.323 BRT; 0.000428; 94.000000; 0.000289; 63.500000; -0.000891; -216.000000; -0.001026; -1036.500000;
14; 2016-03-01 10:15:06.413 BRT; -0.000337; -74.000000; -0.000394; -86.500000; -0.000396; -96.000000; -0.000532; -536.500000;
15; 2016-03-01 10:16:10.542 BRT; -0.000988; -217.000000; -0.001077; -236.500000; -0.000273; -66.000000; -0.000284; -286.500000;
16; 2016-03-01 10:17:14.563 BRT; 0.000684; 150.000000; 0.000403; 88.500000; 0.000471; 114.000000; 0.000460; 463.500000;
17; 2016-03-01 10:18:18.563 BRT; 0.000983; 216.000000; 0.000858; 188.500000; -0.000768; -186.000000; -0.000903; -911.500000;
18; 2016-03-01 10:19:22.584 BRT; -0.000932; -205.000000; -0.001075; -236.500000; 0.001586; 384.000000; 0.001575; 1588.500000;
19; 2016-03-01 10:20:26.614 BRT; 0.000564; 124.000000; 0.000630; 138.500000; 0.000099; 24.000000; 0.000088; 88.500000;
20; 2016-03-01 10:21:30.712 BRT; 0.000568; 125.000000; 0.000516; 113.500000; 0.000717; 174.000000; 0.000582; 588.500000;
21; 2016-03-01 10:22:34.793 BRT; -0.001022; -225.000000; -0.001187; -261.500000; 0.000470; 114.000000; 0.000335; 338.500000;
22; 2016-03-01 10:23:38.847 BRT; -0.000854; -188.000000; -0.001075; -236.500000; -0.000148; -36.000000; -0.000407; -411.500000;
23; 2016-03-01 10:24:42.929 BRT; -0.000100; -22.000000; -0.000280; -61.500000; -0.000642; -156.000000; -0.000654; -661.500000;
24; 2016-03-01 10:25:47.560 BRT; -0.000614; -135.000000; -0.000734; -161.500000; -0.000148; -36.000000; -0.000160; -161.500000;
25; 2016-03-01 10:26:51.143 BRT; -0.000114; -25.000000; -0.000166; -36.500000; -0.000272; -66.000000; -0.000283; -286.500000;
26; 2016-03-01 10:27:55.556 BRT; -0.001086; -239.000000; -0.001075; -236.500000; -0.000148; -36.000000; -0.000283; -286.500000;
27; 2016-03-01 10:28:59.576 BRT; -0.001206; -265.000000; -0.001303; -286.500000; -0.001137; -276.000000; -0.001148; -1161.500000;
28; 2016-03-01 10:30:03.608 BRT; -0.000442; -97.000000; -0.000621; -136.500000; 0.000223; 54.000000; 0.000211; 213.500000;
29; 2016-03-01 10:31:07.670 BRT; -0.000651; -143.000000; -0.000849; -186.500000; -0.001035; -251.000000; -0.001149; -1161.500000;
30; 2016-03-01 10:32:11.693 BRT; 0.000569; 125.000000; 0.000517; 113.500000; -0.000644; -156.000000; -0.000655; -661.500000;
31; 2016-03-01 10:33:15.940 BRT; 0.000159; 35.000000; -0.000052; -11.500000; 0.000347; 84.000000; 0.000211; 213.500000;
32; 2016-03-01 10:34:20.130 BRT; -0.000455; -100.000000; -0.000621; -136.500000; -0.000149; -36.000000; -0.000284; -286.500000;
33; 2016-03-01 10:35:24.300 BRT; -0.000505; -111.000000; -0.000507; -111.500000; -0.001015; -246.000000; -0.001026; -1036.500000;
34; 2016-03-01 10:36:28.185 BRT; -0.000259; -57.000000; -0.000280; -61.500000; -0.000727; -176.000000; -0.000779; -786.500000;
35; 2016-03-01 10:37:32.282 BRT; 0.000109; 24.000000; -0.000052; -11.500000; -0.000149; -36.000000; -0.000160; -161.500000;
36; 2016-03-01 10:38:36.356 BRT; -0.000073; -16.000000; -0.000166; -36.500000; 0.000471; 114.000000; 0.000460; 463.500000;
37; 2016-03-01 10:39:40.404 BRT; -0.000173; -38.000000; -0.000280; -61.500000; -0.000025; -6.000000; -0.000160; -161.500000;
38; 2016-03-01 10:40:44.422 BRT; -0.000459; -101.000000; -0.000621; -136.500000; -0.000396; -96.000000; -0.000408; -411.500000;
39; 2016-03-01 10:41:48.502 BRT; -0.000118; -26.000000; -0.000280; -61.500000; -0.000417; -101.000000; -0.000532; -536.500000;
40; 2016-03-01 10:42:52.577 BRT; -0.001178; -259.000000; -0.001189; -261.500000; 0.000017; 4.000000; -0.000036; -36.500000;
41; 2016-03-01 10:43:56.635 BRT; -0.000737; -162.000000; -0.000962; -211.500000; 0.000471; 114.000000; 0.000335; 338.500000;
42; 2016-03-01 10:45:00.672 BRT; -0.000259; -57.000000; -0.000508; -111.500000; 0.001213; 294.000000; 0.001202; 1213.500000;
43; 2016-03-01 10:46:04.750 BRT; 0.000378; 83.000000; 0.000289; 63.500000; -0.000272; -66.000000; -0.000283; -286.500000;
44; 2016-03-01 10:47:08.771 BRT; -0.000041; -9.000000; -0.000166; -36.500000; -0.000025; -6.000000; -0.000160; -161.500000;
45; 2016-03-01 10:48:12.772 BRT; -0.000259; -57.000000; -0.000393; -86.500000; -0.001137; -276.000000; -0.001149; -1161.500000;
46; 2016-03-01 10:49:16.795 BRT; -0.000023; -5.000000; -0.000166; -36.500000; -0.000643; -156.000000; -0.000655; -661.500000;
47; 2016-03-01 10:50:20.905 BRT; -0.000796; -175.000000; -0.000848; -186.500000; 0.000656; 159.000000; 0.000583; 588.500000;
48; 2016-03-01 10:51:24.973 BRT; -0.000523; -115.000000; -0.000734; -161.500000; -0.000169; -41.000000; -0.000283; -286.500000;
49; 2016-03-01 10:52:29.166 BRT; -0.000182; -40.000000; -0.000280; -61.500000; -0.001138; -276.000000; -0.001026; -1036.500000;
50; 2016-03-01 10:53:33.179 BRT; -0.000482; -106.000000; -0.000621; -136.500000; -0.000149; -36.000000; -0.000160; -161.500000;
51; 2016-03-01 10:54:37.212 BRT; -0.000569; -125.000000; -0.000735; -161.500000; -0.000355; -86.000000; -0.000284; -286.500000;
52; 2016-03-01 10:55:41.300 BRT; 0.000068; 15.000000; -0.000052; -11.500000; -0.000644; -156.000000; -0.000531; -536.500000;
53; 2016-03-01 10:56:45.396 BRT; -0.000441; -97.000000; -0.000621; -136.500000; -0.000582; -141.000000; -0.000655; -661.500000;
54; 2016-03-01 10:57:49.437 BRT; -0.000273; -60.000000; -0.000507; -111.500000; -0.000025; -6.000000; -0.000036; -36.500000;
55; 2016-03-01 10:58:53.537 BRT; -0.000710; -156.000000; -0.000962; -211.500000; 0.000223; 54.000000; 0.000088; 88.500000;
56; 2016-03-01 10:59:57.693 BRT; 0.000405; 89.000000; 0.000289; 63.500000; -0.000582; -141.000000; -0.000655; -661.500000;
57; 2016-03-01 11:01:01.740 BRT; -0.000323; -71.000000; -0.000393; -86.500000; -0.000520; -126.000000; -0.000656; -661.500000;
58; 2016-03-01 11:02:05.740 BRT; -0.000387; -85.000000; -0.000393; -86.500000; -0.000892; -216.000000; -0.000780; -786.500000;
59; 2016-03-01 11:03:09.741 BRT; 0.000114; 25.000000; -0.000052; -11.500000; -0.000149; -36.000000; -0.000160; -161.500000;
60; 2016-03-01 11:04:13.804 BRT; 0.000282; 62.000000; 0.000175; 38.500000; -0.000645; -156.000000; -0.000656; -661.500000;
61; 2016-03-01 11:05:17.809 BRT; -0.000227; -50.000000; -0.000279; -61.500000; 0.000471; 114.000000; 0.000460; 463.500000;
62; 2016-03-01 11:06:21.834 BRT; -0.000227; -50.000000; -0.000279; -61.500000; 0.000471; 114.000000; 0.000212; 213.500000;
63; 2016-03-01 11:07:25.841 BRT; -0.000536; -118.000000; -0.000734; -161.500000; -0.000520; -126.000000; -0.000532; -536.500000;
64; 2016-03-01 11:08:29.872 BRT; -0.000518; -114.000000; -0.000734; -161.500000; -0.000645; -156.000000; -0.000656; -661.500000;
65; 2016-03-01 11:09:33.872 BRT; -0.000514; -113.000000; -0.000734; -161.500000; -0.000025; -6.000000; -0.000036; -36.500000;
66; 2016-03-01 11:10:37.924 BRT; -0.001818; -400.000000; -0.001984; -436.500000; 0.000719; 174.000000; 0.000708; 713.500000;
67; 2016-03-01 11:11:41.962 BRT; 0.000164; 36.000000; -0.000052; -11.500000; -0.000396; -96.000000; -0.000408; -411.500000;
68; 2016-03-01 11:12:45.974 BRT; -0.001024; -225.000000; -0.001190; -261.500000; -0.000025; -6.000000; -0.000160; -161.500000;
69; 2016-03-01 11:13:50.182 BRT; -0.000178; -39.000000; -0.000394; -86.500000; -0.000025; -6.000000; -0.000160; -161.500000;
70; 2016-03-01 11:14:54.218 BRT; -0.000460; -101.000000; -0.000621; -136.500000; -0.000892; -216.000000; -0.001027; -1036.500000;
71; 2016-03-01 11:15:58.252 BRT; -0.000414; -91.000000; -0.000508; -111.500000; -0.000149; -36.000000; -0.000284; -286.500000;
72; 2016-03-01 11:17:02.289 BRT; -0.001271; -279.000000; -0.001305; -286.500000; -0.000397; -96.000000; -0.000532; -536.500000;
73; 2016-03-01 11:18:06.453 BRT; -0.000228; -50.000000; -0.000394; -86.500000; -0.000273; -66.000000; -0.000408; -411.500000;
74; 2016-03-01 11:19:10.508 BRT; -0.000260; -57.000000; -0.000508; -111.500000; -0.000273; -66.000000; -0.000284; -286.500000;
75; 2016-03-01 11:20:14.517 BRT; -0.000415; -91.000000; -0.000508; -111.500000; -0.000521; -126.000000; -0.000408; -411.500000;
76; 2016-03-01 11:21:18.571 BRT; -0.000483; -106.000000; -0.000622; -136.500000; 0.000223; 54.000000; 0.000212; 213.500000;
77; 2016-03-01 11:22:22.571 BRT; -0.000073; -16.000000; -0.000166; -36.500000; -0.000397; -96.000000; -0.000532; -536.500000;
78; 2016-03-01 11:23:26.609 BRT; -0.000556; -122.000000; -0.000736; -161.500000; 0.000099; 24.000000; -0.000036; -36.500000;
79; 2016-03-01 11:24:30.818 BRT; 0.000059; 13.000000; -0.000052; -11.500000; -0.000025; -6.000000; -0.000036; -36.500000;
80; 2016-03-01 11:25:34.826 BRT; -0.000597; -131.000000; -0.000850; -186.500000; 0.000719; 174.000000; 0.000708; 713.500000;
81; 2016-03-01 11:26:38.857 BRT; -0.000187; -41.000000; -0.000394; -86.500000; -0.000025; -6.000000; -0.000036; -36.500000;
82; 2016-03-01 11:27:42.881 BRT; -0.000684; -150.000000; -0.000850; -186.500000; 0.000099; 24.000000; 0.000088; 88.500000;
83; 2016-03-01 11:28:46.931 BRT; -0.001122; -246.000000; -0.001306; -286.500000; -0.000231; -56.000000; -0.000284; -286.500000;
84; 2016-03-01 11:29:50.941 BRT; -0.001132; -248.000000; -0.001193; -261.500000; 0.000574; 139.000000; 0.000583; 588.500000;
85; 2016-03-01 11:30:54.964 BRT; 0.002252; 493.000000; 0.002003; 438.500000; -0.000891; -216.000000; -0.000902; -911.500000;
86; 2016-03-01 11:31:58.964 BRT; -0.000210; -46.000000; -0.000280; -61.500000; -0.000272; -66.000000; -0.000532; -536.500000;
87; 2016-03-01 11:33:02.972 BRT; 0.000424; 93.000000; 0.000175; 38.500000; -0.000149; -36.000000; -0.000408; -411.500000;
88; 2016-03-01 11:34:06.987 BRT; -0.000796; -175.000000; -0.000962; -211.500000; 0.001090; 264.000000; 0.000955; 963.500000;
89; 2016-03-01 11:35:10.987 BRT; -0.001043; -229.000000; -0.001304; -286.500000; -0.000272; -66.000000; -0.000284; -286.500000;
90; 2016-03-01 11:36:15.340 BRT; -0.001709; -375.000000; -0.001761; -386.500000; -0.000025; -6.000000; -0.000160; -161.500000;
91; 2016-03-01 11:37:19.430 BRT; -0.000507; -111.000000; -0.000737; -161.500000; -0.000025; -6.000000; -0.000036; -36.500000;
92; 2016-03-01 11:38:23.116 BRT; -0.001260; -276.000000; -0.001421; -311.500000; 0.000470; 114.000000; 0.000459; 463.500000;
93; 2016-03-01 11:39:27.146 BRT; -0.002800; -613.000000; -0.002907; -636.500000; -0.000148; -36.000000; -0.000283; -286.500000;
94; 2016-03-01 11:40:31.150 BRT; 0.000119; 26.000000; -0.000053; -11.500000; -0.000148; -36.000000; -0.000407; -411.500000;
95; 2016-03-01 11:41:35.150 BRT; 0.000632; 138.000000; 0.000634; 138.500000; -0.000560; -136.000000; -0.000654; -661.500000;
96; 2016-03-01 11:42:39.166 BRT; -0.000343; -75.000000; -0.000510; -111.500000; -0.000643; -156.000000; -0.000778; -786.500000;
97; 2016-03-01 11:43:43.231 BRT; -0.000553; -121.000000; -0.000624; -136.500000; -0.000520; -126.000000; -0.000531; -536.500000;
98; 2016-03-01 11:44:47.232 BRT; -0.000480; -105.000000; -0.000624; -136.500000; -0.000272; -66.000000; -0.000284; -286.500000;
99; 2016-03-01 11:45:51.300 BRT; -0.000654; -143.000000; -0.000739; -161.500000; -0.000025; -6.000000; -0.000036; -36.500000;
100; 2016-03-01 11:46:55.339 BRT; 0.001359; 297.000000; 0.001091; 238.500000; -0.000169; -41.000000; -0.000160; -161.500000;
101; 2016-03-01 11:47:59.339 BRT; -0.000050; -11.000000; -0.000167; -36.500000; 0.000223; 54.000000; 0.000088; 88.500000;
102; 2016-03-01 11:49:03.358 BRT; -0.000626; -137.000000; -0.000852; -186.500000; -0.000643; -156.000000; -0.000778; -786.500000;
103; 2016-03-01 11:50:07.358 BRT; 0.001124; 246.000000; 0.000975; 213.500000; 0.000347; 84.000000; 0.000335; 338.500000;
104; 2016-03-01 11:51:11.372 BRT; -0.000210; -46.000000; -0.000280; -61.500000; 0.000346; 84.000000; 0.000335; 338.500000;
105; 2016-03-01 11:52:15.396 BRT; 0.000360; 79.000000; 0.000176; 38.500000; -0.000272; -66.000000; -0.000283; -286.500000;
106; 2016-03-01 11:53:19.425 BRT; -0.000752; -165.000000; -0.000964; -211.500000; 0.000594; 144.000000; 0.000582; 588.500000;
107; 2016-03-01 11:54:23.518 BRT; -0.000830; -182.000000; -0.000964; -211.500000; 0.000470; 114.000000; 0.000335; 338.500000;
108; 2016-03-01 11:55:27.521 BRT; -0.000488; -107.000000; -0.000737; -161.500000; -0.000395; -96.000000; -0.000530; -536.500000;
109; 2016-03-01 11:56:31.565 BRT; -0.000132; -29.000000; -0.000281; -61.500000; -0.001754; -426.000000; -0.001889; -1911.500000;
110; 2016-03-01 11:57:35.570 BRT; 0.001601; 351.000000; 0.001544; 338.500000; -0.000767; -186.000000; -0.000902; -911.500000;
111; 2016-03-01 11:58:39.588 BRT; -0.001015; -223.000000; -0.000963; -211.500000; -0.001263; -306.000000; -0.001150; -1161.500000;
112; 2016-03-01 11:59:43.601 BRT; 0.000528; 116.000000; 0.000517; 113.500000; 0.000140; 34.000000; 0.000088; 88.500000;
113; 2016-03-01 12:00:47.603 BRT; 0.000614; 135.000000; 0.000516; 113.500000; -0.000851; -206.000000; -0.000656; -661.500000;
114; 2016-03-01 12:01:51.604 BRT; -0.001564; -344.000000; -0.001643; -361.500000; 0.000037; 9.000000; -0.000036; -36.500000;
115; 2016-03-01 12:02:55.604 BRT; -0.000305; -67.000000; -0.000394; -86.500000; -0.001512; -366.000000; -0.001523; -1536.500000;
116; 2016-03-01 12:03:59.621 BRT; -0.000692; -152.000000; -0.000849; -186.500000; 0.000472; 114.000000; 0.000336; 338.500000;
117; 2016-03-01 12:05:03.621 BRT; 0.000118; 26.000000; 0.000175; 38.500000; -0.000521; -126.000000; -0.000532; -536.500000;
118; 2016-03-01 12:06:07.647 BRT; 0.001256; 276.000000; 0.000971; 213.500000; -0.000004; -1.000000; -0.000036; -36.500000;
119; 2016-03-01 12:07:11.712 BRT; -0.001563; -344.000000; -0.001642; -361.500000; 0.000099; 24.000000; -0.000036; -36.500000;
120; 2016-03-01 12:08:16.490 BRT; -0.000341; -75.000000; -0.000621; -136.500000; -0.000149; -36.000000; -0.000284; -286.500000;
121; 2016-03-01 12:09:20.580 BRT; -0.001192; -262.000000; -0.001303; -286.500000; 0.000099; 24.000000; -0.000036; -36.500000;
122; 2016-03-01 12:10:24.100 BRT; 0.000337; 74.000000; 0.000175; 38.500000; -0.000149; -36.000000; -0.000284; -286.500000;
123; 2016-03-01 12:11:28.100 BRT; -0.001807; -397.000000; -0.001872; -411.500000; 0.000471; 114.000000; 0.000336; 338.500000;
124; 2016-03-01 12:12:32.107 BRT; -0.000041; -9.000000; -0.000280; -61.500000; -0.000789; -191.000000; -0.000903; -911.500000;
125; 2016-03-01 12:13:36.302 BRT; 0.000478; 105.000000; 0.000289; 63.500000; -0.000149; -36.000000; -0.000160; -161.500000;
126; 2016-03-01 12:14:40.305 BRT; -0.001261; -277.000000; -0.001418; -311.500000; 0.000471; 114.000000; 0.000336; 338.500000;
127; 2016-03-01 12:15:44.326 BRT; -0.001754; -385.000000; -0.001989; -436.500000; -0.000293; -71.000000; -0.000408; -411.500000;
128; 2016-03-01 12:16:48.346 BRT; 0.000306; 67.000000; 0.000062; 13.500000; -0.000025; -6.000000; -0.000036; -36.500000;
129; 2016-03-01 12:17:52.368 BRT; 0.001172; 257.000000; 0.000974; 213.500000; -0.000396; -96.000000; -0.000408; -411.500000;
130; 2016-03-01 12:18:56.393 BRT; -0.001061; -233.000000; -0.001077; -236.500000; -0.000397; -96.000000; -0.000656; -661.500000;
131; 2016-03-01 12:20:00.415 BRT; -0.000137; -30.000000; -0.000280; -61.500000; -0.000273; -66.000000; -0.000284; -286.500000;
132; 2016-03-01 12:21:04.434 BRT; -0.000529; -116.000000; -0.000622; -136.500000; -0.000769; -186.000000; -0.000780; -786.500000;
133; 2016-03-01 12:22:08.518 BRT; 0.000114; 25.000000; -0.000052; -11.500000; -0.000397; -96.000000; -0.000408; -411.500000;
134; 2016-03-01 12:23:12.545 BRT; 0.000428; 94.000000; 0.000289; 63.500000; -0.001265; -306.000000; -0.001277; -1286.500000;
135; 2016-03-01 12:24:16.621 BRT; 0.000496; 109.000000; 0.000289; 63.500000; 0.000099; 24.000000; -0.000036; -36.500000;
136; 2016-03-01 12:25:20.653 BRT; -0.000796; -175.000000; -0.000962; -211.500000; -0.000025; -6.000000; -0.000036; -36.500000;
137; 2016-03-01 12:26:24.656 BRT; -0.001138; -250.000000; -0.001190; -261.500000; -0.000025; -6.000000; -0.000036; -36.500000;
138; 2016-03-01 12:27:28.658 BRT; 0.000683; 150.000000; 0.000517; 113.500000; -0.000273; -66.000000; -0.000285; -286.500000;
139; 2016-03-01 12:28:32.670 BRT; -0.000382; -84.000000; -0.000507; -111.500000; -0.000335; -81.000000; -0.000409; -411.500000;
140; 2016-03-01 12:29:36.677 BRT; 0.000382; 84.000000; 0.000175; 38.500000; -0.000770; -186.000000; -0.000781; -786.500000;
141; 2016-03-01 12:30:40.684 BRT; -0.000850; -187.000000; -0.000962; -211.500000; 0.000224; 54.000000; 0.000088; 88.500000;
142; 2016-03-01 12:31:44.703 BRT; -0.000860; -189.000000; -0.000962; -211.500000; 0.000141; 34.000000; 0.000088; 88.500000;
143; 2016-03-01 12:32:48.710 BRT; 0.000228; 50.000000; 0.000061; 13.500000; -0.000273; -66.000000; -0.000409; -411.500000;
144; 2016-03-01 12:33:52.719 BRT; 0.000114; 25.000000; 0.000061; 13.500000; -0.002012; -486.000000; -0.002023; -2036.500000;
145; 2016-03-01 12:34:56.754 BRT; 0.001601; 352.000000; 0.001426; 313.500000; 0.000224; 54.000000; 0.000461; 463.500000;
146; 2016-03-01 12:36:00.754 BRT; 0.001130; 249.000000; 0.000969; 213.500000; -0.001144; -276.000000; -0.001155; -1161.500000;
147; 2016-03-01 12:37:04.786 BRT; -0.000517; -114.000000; -0.000732; -161.500000; -0.000149; -36.000000; -0.000161; -161.500000;
148; 2016-03-01 12:38:08.799 BRT; 0.001523; 336.000000; 0.001421; 313.500000; -0.000543; -131.000000; -0.000534; -536.500000;
149; 2016-03-01 12:39:12.858 BRT; -0.001014; -224.000000; -0.001183; -261.500000; -0.000523; -126.000000; -0.000534; -536.500000;
150; 2016-03-01 12:40:16.860 BRT; -0.000761; -168.000000; -0.000958; -211.500000; 0.000224; 54.000000; 0.000213; 213.500000;
151; 2016-03-01 12:41:20.910 BRT; -0.000539; -119.000000; -0.000731; -161.500000; 0.000722; 174.000000; 0.000711; 713.500000;
152; 2016-03-01 12:42:24.914 BRT; -0.000489; -108.000000; -0.000618; -136.500000; -0.000522; -126.000000; -0.000534; -536.500000;
153; 2016-03-01 12:43:28.963 BRT; 0.000485; 107.000000; 0.000288; 63.500000; -0.000647; -156.000000; -0.000658; -661.500000;
154; 2016-03-01 12:44:33.320 BRT; -0.000462; -102.000000; -0.000731; -161.500000; -0.000025; -6.000000; -0.000161; -161.500000;
155; 2016-03-01 12:45:37.450 BRT; 0.001413; 312.000000; 0.001193; 263.500000; -0.000295; -71.000000; -0.000410; -411.500000;
156; 2016-03-01 12:46:41.530 BRT; 0.000371; 82.000000; 0.000174; 38.500000; -0.000647; -156.000000; -0.000659; -661.500000;
157; 2016-03-01 12:47:45.550 BRT; -0.001703; -377.000000; -0.001746; -386.500000; -0.001602; -386.000000; -0.001655; -1661.500000;
158; 2016-03-01 12:48:49.570 BRT; -0.000344; -76.000000; -0.000504; -111.500000; -0.001002; -241.000000; -0.000910; -911.500000;
159; 2016-03-01 12:49:53.770 BRT; -0.000905; -200.000000; -0.001183; -261.500000; 0.000474; 114.000000; 0.000463; 463.500000;
160; 2016-03-01 12:50:57.800 BRT; -0.000249; -55.000000; -0.000392; -86.500000; -0.000025; -6.000000; 0.000088; 88.500000;
161; 2016-03-01 12:52:01.101 BRT; -0.000158; -35.000000; -0.000392; -86.500000; 0.000100; 24.000000; 0.000088; 88.500000;
162; 2016-03-01 12:53:05.220 BRT; -0.000828; -183.000000; -0.001070; -236.500000; -0.000150; -36.000000; -0.000161; -161.500000;
163; 2016-03-01 12:54:09.222 BRT; 0.000281; 62.000000; 0.000174; 38.500000; -0.001022; -246.000000; -0.001158; -1161.500000;
164; 2016-03-01 12:55:13.292 BRT; -0.001385; -306.000000; -0.001523; -336.500000; -0.000399; -96.000000; -0.000411; -411.500000;
165; 2016-03-01 12:56:17.400 BRT; 0.000621; 137.000000; 0.000514; 113.500000; -0.000108; -26.000000; -0.000036; -36.500000;
166; 2016-03-01 12:57:21.423 BRT; -0.000774; -171.000000; -0.000844; -186.500000; -0.000275; -66.000000; -0.000286; -286.500000;
167; 2016-03-01 12:58:25.488 BRT; -0.000485; -107.000000; -0.000618; -136.500000; 0.000079; 19.000000; -0.000036; -36.500000;
168; 2016-03-01 12:59:29.503 BRT; 0.000453; 100.000000; 0.000288; 63.500000; 0.000349; 84.000000; 0.000338; 338.500000;
169; 2016-03-01 13:00:33.546 BRT; 0.000140; 31.000000; 0.000061; 13.500000; -0.000773; -186.000000; -0.000785; -786.500000;
170; 2016-03-01 13:01:37.577 BRT; -0.000285; -63.000000; -0.000504; -111.500000; -0.001023; -246.000000; -0.001035; -1036.500000;
171; 2016-03-01 13:02:41.579 BRT; -0.000452; -100.000000; -0.000730; -161.500000; -0.000899; -216.000000; -0.001036; -1036.500000;
172; 2016-03-01 13:03:45.579 BRT; -0.001950; -431.000000; -0.002201; -486.500000; 0.000850; 204.000000; 0.000713; 713.500000;
173; 2016-03-01 13:04:49.775 BRT; 0.000716; 158.000000; 0.000514; 113.500000; -0.000524; -126.000000; -0.000661; -661.500000;
174; 2016-03-01 13:05:53.881 BRT; -0.000724; -160.000000; -0.000957; -211.500000; -0.000025; -6.000000; -0.000036; -36.500000;
175; 2016-03-01 13:06:57.900 BRT; -0.000707; -156.000000; -0.000958; -211.500000; -0.000275; -66.000000; -0.000286; -286.500000;
176; 2016-03-01 13:08:01.978 BRT; -0.000390; -86.000000; -0.000505; -111.500000; -0.000275; -66.000000; -0.000286; -286.500000;
177; 2016-03-01 13:09:05.998 BRT; -0.000539; -119.000000; -0.000619; -136.500000; -0.000150; -36.000000; -0.000286; -286.500000;
178; 2016-03-01 13:10:10.100 BRT; 0.001088; 240.000000; 0.000968; 213.500000; -0.000025; -6.000000; -0.000036; -36.500000;
179; 2016-03-01 13:11:14.157 BRT; -0.000158; -35.000000; -0.000278; -61.500000; 0.000100; 24.000000; -0.000036; -36.500000;
180; 2016-03-01 13:12:18.411 BRT; 0.000258; 57.000000; 0.000174; 38.500000; -0.000025; -6.000000; -0.000161; -161.500000;
181; 2016-03-01 13:13:22.414 BRT; -0.000375; -83.000000; -0.000391; -86.500000; 0.000474; 114.000000; 0.000463; 463.500000;
182; 2016-03-01 13:14:26.427 BRT; 0.000651; 144.000000; 0.000400; 88.500000; -0.000524; -126.000000; -0.000535; -536.500000;
183; 2016-03-01 13:15:30.642 BRT; -0.000289; -64.000000; -0.000504; -111.500000; -0.000774; -186.000000; -0.000910; -911.500000;
184; 2016-03-01 13:16:34.643 BRT; 0.000859; 190.000000; 0.000739; 163.500000; -0.000025; -6.000000; -0.000161; -161.500000;
185; 2016-03-01 13:17:38.724 BRT; 0.000113; 25.000000; -0.000052; -11.500000; -0.000150; -36.000000; -0.000286; -286.500000;
186; 2016-03-01 13:18:42.724 BRT; -0.000113; -25.000000; -0.000277; -61.500000; -0.001398; -336.000000; -0.001410; -1411.500000;
187; 2016-03-01 13:19:46.757 BRT; 0.000338; 75.000000; 0.000174; 38.500000; -0.001504; -361.000000; -0.001536; -1536.500000;
188; 2016-03-01 13:20:50.780 BRT; -0.000974; -216.000000; -0.001066; -236.500000; -0.000651; -156.000000; -0.000662; -661.500000;
189; 2016-03-01 13:21:54.780 BRT; 0.000257; 57.000000; 0.000174; 38.500000; -0.000401; -96.000000; -0.000663; -661.500000;
190; 2016-03-01 13:22:58.797 BRT; -0.000496; -110.000000; -0.000615; -136.500000; 0.000476; 114.000000; 0.000339; 338.500000;
191; 2016-03-01 13:24:02.810 BRT; 0.000455; 101.000000; 0.000399; 88.500000; -0.000171; -41.000000; -0.000287; -286.500000;
192; 2016-03-01 13:25:06.821 BRT; -0.000338; -75.000000; -0.000615; -136.500000; -0.000651; -156.000000; -0.000662; -661.500000;
193; 2016-03-01 13:26:10.828 BRT; 0.000464; 103.000000; 0.000399; 88.500000; -0.000902; -216.000000; -0.000913; -911.500000;
194; 2016-03-01 13:27:14.860 BRT; 0.000117; 26.000000; -0.000052; -11.500000; -0.000777; -186.000000; -0.000914; -911.500000;
195; 2016-03-01 13:28:18.984 BRT; -0.000392; -87.000000; -0.000614; -136.500000; 0.000226; 54.000000; 0.000214; 213.500000;
196; 2016-03-01 13:29:23.142 BRT; -0.000113; -25.000000; -0.000277; -61.500000; -0.000652; -156.000000; -0.000663; -661.500000;
197; 2016-03-01 13:30:27.156 BRT; 0.000337; 75.000000; 0.000061; 13.500000; -0.000276; -66.000000; -0.000287; -286.500000;
198; 2016-03-01 13:31:31.182 BRT; -0.000288; -64.000000; -0.000389; -86.500000; 0.000038; 9.000000; -0.000037; -36.500000;
199; 2016-03-01 13:32:35.211 BRT; 0.000674; 150.000000; 0.000510; 113.500000; -0.000422; -101.000000; -0.000538; -536.500000;
200; 2016-03-01 13:33:39.285 BRT; -0.000301; -67.000000; -0.000389; -86.500000; -0.000151; -36.000000; -0.000162; -161.500000;
201; 2016-03-01 13:34:43.289 BRT; -0.001011; -225.000000; -0.001287; -286.500000; -0.000276; -66.000000; -0.000413; -411.500000;
202; 2016-03-01 13:35:47.290 BRT; -0.000261; -58.000000; -0.000501; -111.500000; -0.000778; -186.000000; -0.000789; -786.500000;
203; 2016-03-01 13:36:51.291 BRT; -0.000432; -96.000000; -0.000614; -136.500000; -0.000151; -36.000000; -0.000162; -161.500000;
204; 2016-03-01 13:37:55.303 BRT; -0.000818; -182.000000; -0.001063; -236.500000; -0.000151; -36.000000; -0.000288; -286.500000;
205; 2016-03-01 13:38:59.311 BRT; -0.000193; -43.000000; -0.000389; -86.500000; 0.000226; 54.000000; 0.000340; 338.500000;
206; 2016-03-01 13:40:03.317 BRT; 0.000270; 60.000000; 0.000173; 38.500000; -0.000527; -126.000000; -0.000538; -536.500000;
207; 2016-03-01 13:41:07.327 BRT; -0.000966; -215.000000; -0.001175; -261.500000; -0.000151; -36.000000; -0.000162; -161.500000;
208; 2016-03-01 13:42:11.429 BRT; -0.000274; -61.000000; -0.000277; -61.500000; 0.000226; 54.000000; 0.000214; 213.500000;
209; 2016-03-01 13:43:15.445 BRT; -0.000342; -76.000000; -0.000614; -136.500000; -0.000151; -36.000000; -0.000162; -161.500000;
210; 2016-03-01 13:44:19.450 BRT; -0.000711; -158.000000; -0.000951; -211.500000; 0.000100; 24.000000; -0.000037; -36.500000;
211; 2016-03-01 13:45:23.502 BRT; -0.000562; -125.000000; -0.000727; -161.500000; -0.000401; -96.000000; -0.000538; -536.500000;
212; 2016-03-01 13:46:27.505 BRT; 0.000225; 50.000000; 0.000173; 38.500000; -0.000652; -156.000000; -0.000664; -661.500000;
213; 2016-03-01 13:47:31.506 BRT; -0.001619; -360.000000; -0.001851; -411.500000; 0.000351; 84.000000; 0.000089; 88.500000;
214; 2016-03-01 13:48:35.509 BRT; -0.000068; -15.000000; -0.000277; -61.500000; -0.000527; -126.000000; -0.000288; -286.500000;
215; 2016-03-01 13:49:39.608 BRT; -0.000689; -153.000000; -0.000840; -186.500000; -0.000151; -36.000000; -0.000162; -161.500000;
216; 2016-03-01 13:50:43.784 BRT; 0.000396; 88.000000; 0.000173; 38.500000; 0.000226; 54.000000; 0.000214; 213.500000;
217; 2016-03-01 13:51:47.788 BRT; -0.000500; -111.000000; -0.000727; -161.500000; -0.000401; -96.000000; -0.000413; -411.500000;
218; 2016-03-01 13:52:51.844 BRT; -0.000297; -66.000000; -0.000502; -111.500000; -0.001175; -281.000000; -0.001166; -1161.500000;
219; 2016-03-01 13:53:55.856 BRT; -0.000581; -129.000000; -0.000615; -136.500000; -0.001406; -336.000000; -0.001669; -1661.500000;
220; 2016-03-01 13:54:59.869 BRT; -0.000239; -53.000000; -0.000502; -111.500000; 0.000478; 114.000000; 0.000466; 463.500000;
221; 2016-03-01 13:56:04.520 BRT; -0.000225; -50.000000; -0.000502; -111.500000; -0.000276; -66.000000; -0.000414; -411.500000;
222; 2016-03-01 13:57:08.103 BRT; -0.000414; -92.000000; -0.000502; -111.500000; -0.000653; -156.000000; -0.000665; -661.500000;
223; 2016-03-01 13:58:12.151 BRT; 0.000477; 106.000000; 0.000286; 63.500000; -0.000151; -36.000000; -0.000288; -286.500000;
224; 2016-03-01 13:59:16.202 BRT; 0.000517; 115.000000; 0.000398; 88.500000; 0.000101; 24.000000; 0.000089; 88.500000;
225; 2016-03-01 14:00:20.221 BRT; -0.000265; -59.000000; -0.000277; -61.500000; -0.000025; -6.000000; -0.000162; -161.500000;
226; 2016-03-01 14:01:24.225 BRT; 0.000202; 45.000000; 0.000061; 13.500000; 0.000352; 84.000000; 0.000215; 213.500000;
227; 2016-03-01 14:02:28.277 BRT; 0.000737; 164.000000; 0.000510; 113.500000; -0.000381; -91.000000; -0.000413; -411.500000;
228; 2016-03-01 14:03:32.278 BRT; 0.000503; 112.000000; 0.000397; 88.500000; -0.001030; -246.000000; -0.001042; -1036.500000;
229; 2016-03-01 14:04:36.288 BRT; 0.000224; 50.000000; -0.000052; -11.500000; -0.000528; -126.000000; -0.000665; -661.500000;
230; 2016-03-01 14:05:40.288 BRT; -0.000708; -158.000000; -0.000724; -161.500000; -0.001031; -246.000000; -0.001169; -1161.500000;
231; 2016-03-01 14:06:44.304 BRT; 0.000592; 132.000000; 0.000397; 88.500000; -0.000151; -36.000000; -0.000163; -161.500000;
232; 2016-03-01 14:07:48.361 BRT; -0.000390; -87.000000; -0.000500; -111.500000; 0.000248; 59.000000; 0.000215; 213.500000;
233; 2016-03-01 14:08:52.367 BRT; 0.000013; 3.000000; -0.000052; -11.500000; -0.000403; -96.000000; -0.000414; -411.500000;
234; 2016-03-01 14:09:56.367 BRT; 0.000300; 67.000000; 0.000060; 13.500000; -0.000025; -6.000000; 0.000089; 88.500000;
235; 2016-03-01 14:11:00.436 BRT; -0.001119; -250.000000; -0.001282; -286.500000; -0.000298; -71.000000; -0.000288; -286.500000;
236; 2016-03-01 14:12:04.486 BRT; -0.000896; -200.000000; -0.001060; -236.500000; 0.000352; 84.000000; 0.000341; 338.500000;
237; 2016-03-01 14:13:08.498 BRT; -0.000377; -84.000000; -0.000500; -111.500000; -0.000277; -66.000000; -0.000288; -286.500000;
238; 2016-03-01 14:14:12.498 BRT; 0.000004; 1.000000; -0.000164; -36.500000; 0.000352; 84.000000; 0.000215; 213.500000;
239; 2016-03-01 14:15:16.500 BRT; -0.001712; -382.000000; -0.001844; -411.500000; -0.000025; -6.000000; -0.000037; -36.500000;
240; 2016-03-01 14:16:20.503 BRT; 0.000224; 50.000000; -0.000052; -11.500000; 0.000122; 29.000000; 0.000089; 88.500000;
241; 2016-03-01 14:17:24.524 BRT; -0.001794; -400.000000; -0.002070; -461.500000; 0.000352; 84.000000; 0.000340; 338.500000;
242; 2016-03-01 14:18:28.524 BRT; -0.001056; -235.000000; -0.001175; -261.500000; -0.000151; -36.000000; -0.000288; -286.500000;
243; 2016-03-01 14:19:32.526 BRT; 0.000000; 0.000000; -0.000052; -11.500000; 0.000226; 54.000000; 0.000340; 338.500000;
244; 2016-03-01 14:20:36.527 BRT; -0.000449; -100.000000; -0.000613; -136.500000; -0.000192; -46.000000; -0.000288; -286.500000;
245; 2016-03-01 14:21:40.633 BRT; 0.000225; 50.000000; 0.000173; 38.500000; -0.000402; -96.000000; -0.000539; -536.500000;
246; 2016-03-01 14:22:44.642 BRT; -0.001721; -383.000000; -0.001736; -386.500000; 0.000226; 54.000000; 0.000214; 213.500000;
247; 2016-03-01 14:23:48.710 BRT; -0.001318; -293.000000; -0.001514; -336.500000; 0.000226; 54.000000; 0.000214; 213.500000;
248; 2016-03-01 14:24:52.756 BRT; -0.000126; -28.000000; -0.000164; -36.500000; -0.000527; -126.000000; -0.000539; -536.500000;
249; 2016-03-01 14:25:56.796 BRT; -0.000675; -150.000000; -0.000727; -161.500000; -0.000276; -66.000000; -0.000288; -286.500000;
250; 2016-03-01 14:27:00.852 BRT; -0.000338; -75.000000; -0.000502; -111.500000; -0.000213; -51.000000; -0.000288; -286.500000;
251; 2016-03-01 14:28:04.860 BRT; -0.000275; -61.000000; -0.000502; -111.500000; 0.000100; 24.000000; -0.000037; -36.500000;
252; 2016-03-01 14:29:08.861 BRT; -0.000577; -128.000000; -0.000727; -161.500000; 0.000059; 14.000000; 0.000089; 88.500000;
253; 2016-03-01 14:30:12.866 BRT; -0.000788; -175.000000; -0.000953; -211.500000; 0.000100; 24.000000; 0.000089; 88.500000;
254; 2016-03-01 14:31:17.170 BRT; -0.000032; -7.000000; -0.000165; -36.500000; -0.000025; -6.000000; -0.000037; -36.500000;
255; 2016-03-01 14:32:21.230 BRT; 0.000991; 220.000000; 0.000737; 163.500000; -0.000652; -156.000000; -0.000789; -786.500000;
256; 2016-03-01 14:33:25.170 BRT; -0.000563; -125.000000; -0.000727; -161.500000; -0.000151; -36.000000; -0.000162; -161.500000;
257; 2016-03-01 14:34:29.231 BRT; 0.000198; 44.000000; 0.000061; 13.500000; 0.000226; 54.000000; 0.000089; 88.500000;
258; 2016-03-01 14:35:33.302 BRT; -0.000121; -27.000000; -0.000389; -86.500000; -0.000276; -66.000000; -0.000288; -286.500000;
259; 2016-03-01 14:36:37.318 BRT; 0.000225; 50.000000; 0.000061; 13.500000; -0.000652; -156.000000; -0.000789; -786.500000;
260; 2016-03-01 14:37:41.320 BRT; -0.000823; -183.000000; -0.000951; -211.500000; -0.000151; -36.000000; -0.000413; -411.500000;
261; 2016-03-01 14:38:45.321 BRT; -0.000634; -141.000000; -0.000727; -161.500000; 0.001230; 294.000000; 0.001219; 1213.500000;
262; 2016-03-01 14:39:49.356 BRT; -0.000540; -120.000000; -0.000614; -136.500000; 0.000226; 54.000000; 0.000089; 88.500000;
263; 2016-03-01 14:40:53.393 BRT; 0.000266; 59.000000; 0.000061; 13.500000; 0.000226; 54.000000; 0.000214; 213.500000;
264; 2016-03-01 14:41:57.457 BRT; -0.001237; -275.000000; -0.001401; -311.500000; 0.000330; 79.000000; 0.000339; 338.500000;
265; 2016-03-01 14:43:01.459 BRT; -0.000117; -26.000000; -0.000164; -36.500000; -0.000150; -36.000000; -0.000162; -161.500000;
266; 2016-03-01 14:44:05.477 BRT; 0.000482; 107.000000; 0.000398; 88.500000; -0.000651; -156.000000; -0.000788; -786.500000;
267; 2016-03-01 14:45:09.497 BRT; -0.000499; -111.000000; -0.000726; -161.500000; -0.000025; -6.000000; -0.000037; -36.500000;
268; 2016-03-01 14:46:13.560 BRT; 0.000436; 97.000000; 0.000286; 63.500000; -0.000025; -6.000000; -0.000037; -36.500000;
269; 2016-03-01 14:47:17.602 BRT; 0.000243; 54.000000; 0.000173; 38.500000; -0.000338; -81.000000; -0.000287; -286.500000;
270; 2016-03-01 14:48:21.602 BRT; -0.000108; -24.000000; -0.000164; -36.500000; -0.000651; -156.000000; -0.000663; -661.500000;
271; 2016-03-01 14:49:25.643 BRT; -0.001348; -300.000000; -0.001399; -311.500000; -0.000276; -66.000000; -0.000287; -286.500000;
272; 2016-03-01 14:50:29.700 BRT; -0.000337; -75.000000; -0.000501; -111.500000; -0.000526; -126.000000; -0.000538; -536.500000;
273; 2016-03-01 14:51:33.700 BRT; -0.000639; -142.000000; -0.000726; -161.500000; -0.000485; -116.000000; -0.000413; -411.500000;
274; 2016-03-01 14:52:37.753 BRT; 0.001449; 322.000000; 0.001298; 288.500000; 0.000226; 54.000000; 0.000089; 88.500000;
275; 2016-03-01 14:53:41.763 BRT; -0.000956; -213.000000; -0.001174; -261.500000; -0.000276; -66.000000; -0.000287; -286.500000;
276; 2016-03-01 14:54:45.827 BRT; -0.000508; -113.000000; -0.000726; -161.500000; 0.000351; 84.000000; 0.000214; 213.500000;
277; 2016-03-01 14:55:49.834 BRT; -0.002085; -464.000000; -0.002074; -461.500000; -0.000150; -36.000000; -0.000162; -161.500000;
278; 2016-03-01 14:56:53.835 BRT; 0.000680; 151.000000; 0.000623; 138.500000; -0.000443; -106.000000; -0.000538; -536.500000;
279; 2016-03-01 14:57:57.929 BRT; -0.000283; -63.000000; -0.000389; -86.500000; -0.000025; -6.000000; -0.000162; -161.500000;
280; 2016-03-01 14:59:02.560 BRT; 0.000153; 34.000000; -0.000052; -11.500000; -0.000276; -66.000000; -0.000162; -161.500000;
281; 2016-03-01 15:00:06.162 BRT; -0.000292; -65.000000; -0.000389; -86.500000; 0.000226; 54.000000; 0.000089; 88.500000;
282; 2016-03-01 15:01:10.227 BRT; -0.000450; -100.000000; -0.000726; -161.500000; 0.000351; 84.000000; 0.000214; 213.500000;
283; 2016-03-01 15:02:14.385 BRT; -0.000162; -36.000000; -0.000276; -61.500000; -0.000025; -6.000000; -0.000162; -161.500000;
284; 2016-03-01 15:03:18.396 BRT; -0.000683; -152.000000; -0.000838; -186.500000; -0.000213; -51.000000; -0.000287; -286.500000;
285; 2016-03-01 15:04:22.425 BRT; 0.000657; 146.000000; 0.000398; 88.500000; -0.000776; -186.000000; -0.000788; -786.500000;
286; 2016-03-01 15:05:26.442 BRT; -0.000979; -218.000000; -0.000950; -211.500000; 0.000226; 54.000000; 0.000089; 88.500000;
287; 2016-03-01 15:06:30.634 BRT; -0.000027; -6.000000; -0.000164; -36.500000; -0.000046; -11.000000; -0.000162; -161.500000;
288; 2016-03-01 15:07:34.646 BRT; 0.000400; 89.000000; 0.000173; 38.500000; -0.001152; -276.000000; -0.001289; -1286.500000;
289; 2016-03-01 15:08:38.959 BRT; 0.000112; 25.000000; -0.000052; -11.500000; -0.000150; -36.000000; -0.000162; -161.500000;
290; 2016-03-01 15:09:43.110 BRT; -0.000112; -25.000000; -0.000276; -61.500000; 0.000079; 19.000000; 0.000089; 88.500000;
291; 2016-03-01 15:10:47.120 BRT; -0.001459; -325.000000; -0.001510; -336.500000; -0.001028; -246.000000; -0.001164; -1161.500000;
292; 2016-03-01 15:11:51.472 BRT; 0.000481; 107.000000; 0.000398; 88.500000; 0.000351; 84.000000; 0.000214; 213.500000;
293; 2016-03-01 15:12:55.537 BRT; 0.000027; 6.000000; -0.000052; -11.500000; -0.000276; -66.000000; -0.000287; -286.500000;
294; 2016-03-01 15:13:59.573 BRT; 0.000148; 33.000000; -0.000052; -11.500000; -0.000150; -36.000000; -0.000037; -36.500000;
295; 2016-03-01 15:15:03.596 BRT; 0.000085; 19.000000; 0.000061; 13.500000; -0.000276; -66.000000; -0.000162; -161.500000;
296; 2016-03-01 15:16:07.635 BRT; -0.000076; -17.000000; -0.000276; -61.500000; -0.000568; -136.000000; -0.000663; -661.500000;
297; 2016-03-01 15:17:11.655 BRT; -0.000785; -175.000000; -0.000948; -211.500000; -0.000276; -66.000000; -0.000287; -286.500000;
298; 2016-03-01 15:18:15.690 BRT; -0.000502; -112.000000; -0.000612; -136.500000; -0.000527; -126.000000; -0.000538; -536.500000;
299; 2016-03-01 15:19:19.690 BRT; -0.000381; -85.000000; -0.000612; -136.500000; -0.000527; -126.000000; -0.000789; -786.500000;
300; 2016-03-01 15:20:23.691 BRT; 0.000063; 14.000000; -0.000052; -11.500000; -0.000527; -126.000000; -0.000539; -536.500000;
301; 2016-03-01 15:21:27.742 BRT; 0.000094; 21.000000; 0.000061; 13.500000; -0.000276; -66.000000; -0.000162; -161.500000;
302; 2016-03-01 15:22:32.510 BRT; -0.000641; -143.000000; -0.000724; -161.500000; 0.000352; 84.000000; 0.000340; 338.500000;
303; 2016-03-01 15:23:36.530 BRT; -0.000610; -136.000000; -0.000836; -186.500000; 0.000205; 49.000000; 0.000214; 213.500000;
304; 2016-03-01 15:24:40.177 BRT; -0.001000; -223.000000; -0.001061; -236.500000; 0.000226; 54.000000; 0.000214; 213.500000;
305; 2016-03-01 15:25:44.177 BRT; 0.000171; 38.000000; 0.000173; 38.500000; -0.000151; -36.000000; -0.000162; -161.500000;
306; 2016-03-01 15:26:48.224 BRT; -0.000247; -55.000000; -0.000500; -111.500000; -0.000527; -126.000000; -0.000664; -661.500000;
307; 2016-03-01 15:27:52.225 BRT; -0.000974; -217.000000; -0.001173; -261.500000; -0.000151; -36.000000; -0.000288; -286.500000;
308; 2016-03-01 15:28:56.367 BRT; -0.001064; -237.000000; -0.001286; -286.500000; 0.000100; 24.000000; 0.000089; 88.500000;
309; 2016-03-01 15:30:00.375 BRT; -0.000112; -25.000000; -0.000276; -61.500000; -0.000276; -66.000000; -0.000413; -411.500000;
310; 2016-03-01 15:31:04.397 BRT; -0.000804; -179.000000; -0.001062; -236.500000; -0.000652; -156.000000; -0.000789; -786.500000;
311; 2016-03-01 15:32:08.441 BRT; -0.000944; -210.000000; -0.001063; -236.500000; -0.000025; -6.000000; -0.000162; -161.500000;
312; 2016-03-01 15:33:12.474 BRT; -0.000112; -25.000000; -0.000277; -61.500000; -0.000904; -216.000000; -0.000915; -911.500000;
313; 2016-03-01 15:34:16.959 BRT; -0.000225; -50.000000; -0.000277; -61.500000; -0.001155; -276.000000; -0.001293; -1286.500000;
314; 2016-03-01 15:35:20.968 BRT; 0.000103; 23.000000; -0.000052; -11.500000; -0.000444; -106.000000; -0.000414; -411.500000;
315; 2016-03-01 15:36:24.989 BRT; -0.000485; -108.000000; -0.000726; -161.500000; 0.000101; 24.000000; 0.000089; 88.500000;
316; 2016-03-01 15:37:28.997 BRT; -0.001025; -228.000000; -0.001063; -236.500000; 0.000101; 24.000000; -0.000037; -36.500000;
317; 2016-03-01 15:38:33.140 BRT; 0.000625; 139.000000; 0.000511; 113.500000; -0.000025; -6.000000; -0.000162; -161.500000;
318; 2016-03-01 15:39:37.680 BRT; 0.000000; 0.000000; 0.000061; 13.500000; -0.000528; -126.000000; -0.000539; -536.500000;
319; 2016-03-01 15:40:41.720 BRT; -0.000162; -36.000000; -0.000276; -61.500000; -0.000528; -126.000000; -0.000665; -661.500000;
320; 2016-03-01 15:41:45.770 BRT; -0.001307; -291.000000; -0.001399; -311.500000; -0.000528; -126.000000; -0.000540; -536.500000;
321; 2016-03-01 15:42:49.910 BRT; 0.000531; 118.000000; 0.000398; 88.500000; 0.000101; 24.000000; 0.000215; 213.500000;
322; 2016-03-01 15:43:53.243 BRT; 0.001236; 275.000000; 0.001184; 263.500000; -0.000717; -171.000000; -0.000666; -661.500000;
323; 2016-03-01 15:44:57.369 BRT; 0.000224; 50.000000; 0.000173; 38.500000; -0.000403; -96.000000; -0.000414; -411.500000;
324; 2016-03-01 15:46:01.382 BRT; 0.000735; 164.000000; 0.000509; 113.500000; -0.000025; -6.000000; -0.000037; -36.500000;
325; 2016-03-01 15:47:05.433 BRT; -0.001075; -240.000000; -0.001171; -261.500000; 0.000101; 24.000000; 0.000089; 88.500000;
326; 2016-03-01 15:48:09.485 BRT; 0.000224; 50.000000; 0.000061; 13.500000; -0.000528; -126.000000; -0.000540; -536.500000;
327; 2016-03-01 15:49:13.515 BRT; 0.000148; 33.000000; 0.000172; 38.500000; -0.000654; -156.000000; -0.000666; -661.500000;
328; 2016-03-01 15:50:17.515 BRT; -0.000385; -86.000000; -0.000387; -86.500000; -0.000907; -216.000000; -0.001044; -1036.500000;
329; 2016-03-01 15:51:21.545 BRT; -0.001429; -319.000000; -0.001507; -336.500000; 0.000353; 84.000000; 0.000341; 338.500000;
330; 2016-03-01 15:52:25.566 BRT; -0.000202; -45.000000; -0.000388; -86.500000; -0.000403; -96.000000; -0.000415; -411.500000;
331; 2016-03-01 15:53:29.634 BRT; -0.000681; -152.000000; -0.000836; -186.500000; -0.000151; -36.000000; -0.000163; -161.500000;
332; 2016-03-01 15:54:33.698 BRT; -0.000480; -107.000000; -0.000612; -136.500000; 0.000353; 84.000000; 0.000215; 213.500000;
333; 2016-03-01 15:55:37.717 BRT; -0.000991; -221.000000; -0.001173; -261.500000; 0.000227; 54.000000; 0.000089; 88.500000;
334; 2016-03-01 15:56:41.730 BRT; 0.000013; 3.000000; -0.000164; -36.500000; -0.000780; -186.000000; -0.000918; -911.500000;
335; 2016-03-01 15:57:45.801 BRT; 0.000103; 23.000000; -0.000052; -11.500000; -0.000025; -6.000000; -0.000037; -36.500000;
336; 2016-03-01 15:58:49.914 BRT; -0.000139; -31.000000; -0.000388; -86.500000; 0.000479; 114.000000; 0.000467; 463.500000;
337; 2016-03-01 15:59:54.100 BRT; -0.000368; -82.000000; -0.000388; -86.500000; -0.000151; -36.000000; -0.000163; -161.500000;
338; 2016-03-01 16:00:58.710 BRT; -0.000727; -162.000000; -0.000836; -186.500000; -0.000529; -126.000000; -0.000540; -536.500000;
339; 2016-03-01 16:02:02.385 BRT; 0.000224; 50.000000; 0.000061; 13.500000; -0.000025; -6.000000; -0.000037; -36.500000;
340; 2016-03-01 16:03:06.391 BRT; -0.000507; -113.000000; -0.000612; -136.500000; 0.000604; 144.000000; 0.000593; 588.500000;
341; 2016-03-01 16:04:10.391 BRT; -0.000233; -52.000000; -0.000388; -86.500000; -0.000780; -186.000000; -0.000917; -911.500000;
342; 2016-03-01 16:05:14.640 BRT; -0.000534; -119.000000; -0.000612; -136.500000; -0.000277; -66.000000; -0.000288; -286.500000;
343; 2016-03-01 16:06:18.686 BRT; -0.000233; -52.000000; -0.000388; -86.500000; -0.000214; -51.000000; -0.000289; -286.500000;
344; 2016-03-01 16:07:23.200 BRT; -0.000601; -134.000000; -0.000724; -161.500000; -0.000403; -96.000000; -0.000540; -536.500000;
345; 2016-03-01 16:08:27.700 BRT; 0.000126; 28.000000; 0.000173; 38.500000; -0.000277; -66.000000; -0.000289; -286.500000;
346; 2016-03-01 16:09:31.700 BRT; -0.000812; -181.000000; -0.001061; -236.500000; 0.000101; 24.000000; 0.000089; 88.500000;
347; 2016-03-01 16:10:35.860 BRT; 0.000054; 12.000000; -0.000052; -11.500000; 0.000038; 9.000000; -0.000037; -36.500000;
348; 2016-03-01 16:11:39.166 BRT; 0.000018; 4.000000; -0.000052; -11.500000; -0.000277; -66.000000; -0.000288; -286.500000;
349; 2016-03-01 16:12:43.197 BRT; -0.000552; -123.000000; -0.000612; -136.500000; -0.000088; -21.000000; -0.000163; -161.500000;
350; 2016-03-01 16:13:47.227 BRT; -0.000256; -57.000000; -0.000388; -86.500000; -0.000151; -36.000000; -0.000163; -161.500000;
351; 2016-03-01 16:14:51.230 BRT; -0.000422; -94.000000; -0.000612; -136.500000; 0.000101; 24.000000; -0.000037; -36.500000;
352; 2016-03-01 16:15:55.267 BRT; -0.000233; -52.000000; -0.000388; -86.500000; -0.000277; -66.000000; -0.000414; -411.500000;
353; 2016-03-01 16:16:59.364 BRT; -0.000314; -70.000000; -0.000500; -111.500000; -0.000151; -36.000000; -0.000288; -286.500000;
354; 2016-03-01 16:18:03.624 BRT; -0.000336; -75.000000; -0.000500; -111.500000; 0.000478; 114.000000; 0.000341; 338.500000;
355; 2016-03-01 16:19:07.638 BRT; -0.000740; -165.000000; -0.000948; -211.500000; -0.000277; -66.000000; -0.000163; -161.500000;
356; 2016-03-01 16:20:11.696 BRT; -0.000633; -141.000000; -0.000725; -161.500000; -0.000151; -36.000000; -0.000288; -286.500000;
357; 2016-03-01 16:21:15.700 BRT; -0.000377; -84.000000; -0.000500; -111.500000; 0.000268; 64.000000; 0.000215; 213.500000;
358; 2016-03-01 16:22:19.702 BRT; -0.000830; -185.000000; -0.001061; -236.500000; 0.000101; 24.000000; 0.000215; 213.500000;
359; 2016-03-01 16:23:23.740 BRT; 0.000512; 114.000000; 0.000397; 88.500000; -0.000276; -66.000000; -0.000288; -286.500000;
360; 2016-03-01 16:24:27.758 BRT; -0.000112; -25.000000; -0.000164; -36.500000; -0.000444; -106.000000; -0.000665; -661.500000;
361; 2016-03-01 16:25:31.813 BRT; -0.000112; -25.000000; -0.000276; -61.500000; -0.000025; -6.000000; -0.000037; -36.500000;
362; 2016-03-01 16:26:35.881 BRT; -0.000866; -193.000000; -0.000837; -186.500000; -0.000025; -6.000000; -0.000162; -161.500000;
363; 2016-03-01 16:27:39.937 BRT; -0.000767; -171.000000; -0.000949; -211.500000; 0.000059; 14.000000; -0.000037; -36.500000;
364; 2016-03-01 16:28:43.991 BRT; 0.000184; 41.000000; -0.000052; -11.500000; -0.000905; -216.000000; -0.000916; -911.500000;
365; 2016-03-01 16:29:48.220 BRT; -0.000292; -65.000000; -0.000500; -111.500000; -0.000025; -6.000000; -0.000037; -36.500000;
366; 2016-03-01 16:30:52.205 BRT; -0.000220; -49.000000; -0.000276; -61.500000; -0.000381; -91.000000; -0.000414; -411.500000;
367; 2016-03-01 16:31:56.380 BRT; -0.000660; -147.000000; -0.000725; -161.500000; -0.000277; -66.000000; -0.000288; -286.500000;
368; 2016-03-01 16:33:00.720 BRT; -0.000215; -48.000000; -0.000276; -61.500000; 0.000038; 9.000000; -0.000037; -36.500000;
369; 2016-03-01 16:34:04.761 BRT; -0.000081; -18.000000; -0.000052; -11.500000; -0.000025; -6.000000; -0.000162; -161.500000;
370; 2016-03-01 16:35:08.887 BRT; -0.000507; -113.000000; -0.000500; -111.500000; -0.000277; -66.000000; -0.000288; -286.500000;
371; 2016-03-01 16:36:12.919 BRT; 0.000108; 24.000000; -0.000052; -11.500000; -0.000402; -96.000000; -0.000540; -536.500000;
372; 2016-03-01 16:37:16.940 BRT; -0.000449; -100.000000; -0.000612; -136.500000; -0.000151; -36.000000; -0.000288; -286.500000;
373; 2016-03-01 16:38:20.948 BRT; 0.000220; 49.000000; 0.000061; 13.500000; -0.000025; -6.000000; -0.000037; -36.500000;
374; 2016-03-01 16:39:25.200 BRT; 0.000619; 138.000000; 0.000621; 138.500000; -0.000528; -126.000000; -0.000540; -536.500000;
375; 2016-03-01 16:40:29.400 BRT; -0.000112; -25.000000; -0.000164; -36.500000; -0.000277; -66.000000; -0.000414; -411.500000;
376; 2016-03-01 16:41:33.300 BRT; -0.000426; -95.000000; -0.000388; -86.500000; 0.000059; 14.000000; -0.000037; -36.500000;
377; 2016-03-01 16:42:37.800 BRT; -0.000197; -44.000000; -0.000276; -61.500000; -0.000403; -96.000000; -0.000540; -536.500000;
378; 2016-03-01 16:43:41.164 BRT; 0.000067; 15.000000; -0.000163; -36.500000; -0.000025; -6.000000; -0.000037; -36.500000;
379; 2016-03-01 16:44:45.197 BRT; -0.000099; -22.000000; -0.000163; -36.500000; -0.000151; -36.000000; -0.000163; -161.500000;
